function,round,output,point
Function_1,1,-1.3678975726043848e-65,0.248731|0.672945
Function_1,2,8.0977538614129827e-75,0.751269|0.327055
Function_1,3,8.9355797623821316e-131,0.851777|0.257877
Function_1,4,1.3230488967813993e-131,0.138173|0.749041
Function_1,5,-2.3179315822296265e-31,0.696524|0.433550
Function_1,6,1.4514862479438758e-104,0.900000|0.900000
Function_1,7,-5.4185875605588725e-65,0.735000|0.345000
Function_1,8,5.0987317022265639e-94,0.940000|0.820000
Function_1,9,7.0345863673699991e-79,0.760000|0.320000
Function_1,10,1.3803111222992324e-35,0.809000|0.497000
Function_1,11,3.8562548687140111e-88,0.775000|0.305000
Function_2,1,0.26844212669171835,0.583214|0.194876
Function_2,2,0.016336984933258553,0.416786|0.805124
Function_2,3,0.20721011748734647,0.616500|0.072826
Function_2,4,0.074127211017288044,0.596528|0.146056
Function_2,5,0.023578954207248599,0.586541|0.182671
Function_2,6,0.11919348743543415,0.599857|0.133851
Function_2,7,0.05792766860126114,0.590000|0.170000
Function_2,8,0.14919260126428446,0.585000|0.188000
Function_2,9,0.035844212573987566,0.587000|0.190000
Function_2,10,0.17790123091342067,0.597000|0.146000
Function_2,11,-0.014730940561120211,0.585500|0.192000
Function_3,1,-0.030811615991584579,0.317592|0.845103|0.462781
Function_3,2,-0.041868476232028051,0.682408|0.154897|0.537219
Function_3,3,-0.03480961718141673,0.244629|0.983144|0.447893
Function_3,4,-0.036555150890695838,0.288407|0.900319|0.456826
Function_3,5,-0.042519464885726221,0.307797|0.863668|0.460804
Function_3,6,-0.043870236342484076,0.329266|0.823017|0.465163
Function_3,7,-0.046329750088032078,0.303000|0.872700|0.459800
Function_3,8,-0.02750330035001966,0.314000|0.851000|0.463500
Function_3,9,-0.036599467369181182,0.320000|0.840000|0.466000
Function_3,10,-0.036523937347322379,0.310296|0.858902|0.461291
Function_3,11,-0.042876515443101629,0.316000|0.848000|0.463400
Function_4,1,-12.115525507270515,0.124578|0.739201|0.456890|0.281345
Function_4,2,-17.617069635378453,0.875422|0.260799|0.543110|0.718655
Function_4,3,-18.298568273574734,0.000001|0.834881|0.439646|0.193883
Function_4,4,-13.824768246074225,0.061951|0.777473|0.449992|0.246360
Function_4,5,-12.772443941473792,0.093265|0.758337|0.453441|0.263852
Function_4,6,-12.543360752022306,0.112053|0.746855|0.455510|0.274348
Function_4,7,-12.376418260209835,0.118000|0.742000|0.456500|0.279000
Function_4,8,-12.257280242962107,0.121000|0.741000|0.456000|0.280000
Function_4,9,-12.169353849508152,0.123000|0.740000|0.456000|0.281000
Function_4,10,-12.264306004968656,0.121193|0.740734|0.456463|0.280448
Function_4,11,-12.140521655618183,0.124000|0.739500|0.456700|0.281200
Function_5,1,86.731588517118581,0.912345|0.087654|0.563219|0.401278
Function_5,2,107.26977197687464,0.087655|0.912346|0.436781|0.598722
Function_5,3,366.44738761206622,0.000001|0.999999|0.411493|0.638211
Function_5,4,393.29826843150562,0.000001|0.999999|0.393791|0.665853
Function_5,5,426.09649247728441,0.000001|0.999999|0.376089|0.693495
Function_5,6,465.75287939782243,0.000001|0.999999|0.358387|0.721137
Function_5,7,513.34862872582505,0.000001|0.999999|0.340685|0.748779
Function_5,8,570.16330877155701,0.000001|0.999999|0.323000|0.776421
Function_5,9,637.69267301033517,0.000001|0.999999|0.305315|0.804063
Function_5,10,601.84046204801689,0.000001|0.999999|0.314000|0.790000
Function_5,11,585.64057764339782,0.318500|0.783200|0.999999|0.000001
Function_6,1,-1.1778839603630269,0.204681|0.791235|0.358904|0.612478|0.145902
Function_6,2,-1.6395611847436995,0.795319|0.208765|0.641096|0.387522|0.854098
Function_6,3,-1.3571613541345644,0.086553|0.907729|0.302466|0.657469|0.004263
Function_6,4,-1.1533162119577258,0.157430|0.837833|0.336329|0.630475|0.089246
Function_6,5,-1.1338804479359179,0.192868|0.802885|0.353261|0.616978|0.131738
Function_6,6,-1.0409735694073485,0.228306|0.767937|0.370193|0.603481|0.174230
Function_6,7,-1.0254478902479245,0.263744|0.732989|0.387125|0.589984|0.216722
Function_6,8,-1.1300600986357001,0.294000|0.703000|0.402000|0.578000|0.252000
Function_6,9,-1.0252070922978145,0.273000|0.724000|0.392000|0.586000|0.227000
Function_6,10,-1.0606717587768695,0.286000|0.711000|0.398000|0.581000|0.243000
Function_6,11,-0.99580434627038406,0.291000|0.706000|0.401000|0.579000|0.249000
Function_7,1,0.53658617983351586,0.689143|0.254870|0.907561|0.138492|0.473826|0.726510
Function_7,2,0.45913025138396346,0.310857|0.745130|0.092439|0.861508|0.526174|0.273490
Function_7,3,0.23089559487396627,0.764800|0.156818|0.999999|0.000001|0.463356|0.817114
Function_7,4,0.36669508628916109,0.719406|0.215649|0.979829|0.080039|0.469638|0.762752
Function_7,5,0.49384088119919323,0.696709|0.245065|0.925628|0.123879|0.472779|0.735571
Function_7,6,0.52807739977996127,0.690656|0.252909|0.911174|0.135569|0.473617|0.728322
Function_7,7,0.56191094819081466,0.684603|0.260753|0.896720|0.147259|0.474455|0.721073
Function_7,8,0.58373946770067309,0.678000|0.268000|0.889000|0.154000|0.475000|0.716000
Function_7,9,0.60522650186262894,0.671397|0.275247|0.881280|0.160741|0.475545|0.710927
Function_7,10,0.55804507320300478,0.684420|0.260554|0.898965|0.145609|0.474357|0.721798
Function_7,11,0.57513572740886976,0.680500|0.265000|0.892500|0.151500|0.474800|0.718500
Function_8,1,8.5979226778605007,0.116754|0.842319|0.395680|0.607214|0.281943|0.958102|0.463871|0.174520
Function_8,2,7.5948446778605003,0.883246|0.157681|0.604320|0.392786|0.718057|0.041898|0.536129|0.825480
Function_8,3,8.3033085565955993,0.000001|0.979247|0.353952|0.650100|0.194720|0.999999|0.449419|0.044328
Function_8,4,8.4672940248290995,0.051780|0.897090|0.378989|0.624368|0.247054|0.999999|0.458090|0.122443
Function_8,5,8.5619416370970995,0.097262|0.858750|0.390673|0.612360|0.271476|0.970671|0.462137|0.158897
Function_8,6,8.5802736660813999,0.107008|0.850535|0.393177|0.609787|0.276709|0.964387|0.463004|0.166709
Function_8,7,8.6059129750000007,0.120000|0.838000|0.397000|0.606000|0.283500|0.955000|0.464500|0.178000
Function_8,8,8.6250494750000009,0.130000|0.828000|0.400000|0.603000|0.288500|0.948000|0.465500|0.187000
Function_8,9,8.6433707750000011,0.140000|0.818000|0.403000|0.600000|0.293500|0.941000|0.466500|0.196000
Function_8,10,8.6153259999999996,0.125000|0.833000|0.398500|0.604500|0.285500|0.951500|0.465000|0.182500
Function_8,11,8.6208535699999995,0.128000|0.830000|0.399500|0.603500|0.287000|0.949500|0.465300|0.185000
